LogId,UserId,OrgUnitId,CourseID,Action,EnrollmentType,Enrollment Date,,,
99927,12557,3970,12,Enrollment,9,2021-01-06 23:42,,,
90667,12905,4550,14,Enrollment,5,2020-12-20 6:00,,,
37026,12478,8787,15,Withdrawal,10,2020-03-29 14:33,,,
43997,12752,7900,17,Enrollment,1,2020-11-11 8:29,,,
95607,11219,1284,18,Enrollment,7,2020-07-31 12:04,,,
24341,12335,9033,28,Enrollment,10,2020-08-15 4:27,,,
64906,12773,2464,29,Withdrawal,4,2020-09-10 1:00,,,
15867,12404,6372,32,Enrollment,5,2020-04-25 16:21,,,
56365,3880,9109,33,Enrollment,9,2020-08-02 15:32,,,
64070,8015,8686,34,Enrollment,2,2020-08-15 23:08,,,
20497,12934,5961,35,Enrollment,9,2021-01-25 13:47,,,
59735,12330,2580,37,Enrollment,8,2020-11-20 5:57,,,
99329,1534,2931,38,Enrollment,5,2020-12-21 20:33,,,
28480,12762,4590,39,Enrollment,8,2020-10-05 8:58,,,
61969,12547,7708,40,Enrollment,10,2020-08-06 23:39,,,
42503,12777,4061,41,Enrollment,1,2020-07-12 0:48,,,
20703,12901,8785,42,Enrollment,5,2021-01-23 4:58,,,
44713,887,9188,43,Enrollment,10,2020-03-30 19:00,,,
27440,12509,7571,45,Enrollment,1,2020-05-23 19:46,,,
63128,8019,4086,50,Enrollment,2,2021-02-21 21:28,,,
66712,12799,9690,51,Enrollment,4,2021-01-22 10:12,,,
80118,9419,8624,52,Enrollment,10,2020-08-26 22:03,,,
76303,11181,9057,56,Withdrawal,3,2020-10-17 16:48,,,
24117,12652,4351,59,Enrollment,6,2021-03-01 21:57,,,
36554,6501,2628,60,Enrollment,7,2020-06-30 13:52,,,
59405,12324,5316,61,Enrollment,7,2020-08-27 23:02,,,
91099,8205,3908,62,Enrollment,1,2020-11-23 9:24,,,
22309,12904,3130,64,Enrollment,1,2020-05-04 15:41,,,
75553,12766,1921,65,Enrollment,10,2020-11-21 10:12,,,
81713,5926,5967,6592,Enrollment,3,2021-02-16 19:46,,,
46087,11985,6749,7059,Enrollment,1,2021-03-18 0:00,,,
62181,10728,6750,7459,Enrollment,1,2021-01-02 12:13,,,
79127,12870,7214,7584,Enrollment,2,2020-09-21 4:47,,, 
94249,10324,6756,12,Enrollment,1,2020-04-15 21:22,,,
47234,12616,6208,14,Enrollment,7,2020-04-07 22:32,,,
49111,12731,9729,15,Enrollment,2,2021-01-25 7:34,,,
92483,9258,5216,17,Enrollment,4,2020-12-31 8:39,,,
38315,12802,7872,18,Withdrawal,2,2020-07-20 2:20,,,
82459,3635,1475,28,Enrollment,7,2020-05-13 12:16,,,
73679,1329,7761,29,Enrollment,6,2020-09-18 5:04,,,
95260,12911,5413,32,Enrollment,2,2021-03-02 2:30,,,
44987,12892,7972,33,Withdrawal,5,2020-11-18 13:32,,,
88852,5114,8282,34,Enrollment,9,2020-09-07 7:08,,,
74523,12750,7684,35,Enrollment,8,2020-05-20 13:21,,,
30821,12876,8956,37,Enrollment,3,2021-01-26 7:33,,,
51669,11100,6380,38,Enrollment,3,2020-04-09 11:39,,,
13073,12877,9170,39,Enrollment,3,2021-02-16 7:01,,,
48194,11750,7342,40,Enrollment,6,2020-07-04 10:08,,,
91850,11186,2389,41,Enrollment,3,2020-12-06 21:41,,,
31065,5215,4898,42,Enrollment,3,2020-08-08 10:00,,,
17781,12895,9942,43,Enrollment,7,2020-05-20 14:08,,,
63386,12499,9474,45,Enrollment,3,2020-04-13 15:45,,,
77798,3895,5634,50,Enrollment,6,2021-02-07 19:47,,,
41201,12415,5220,51,Enrollment,4,2020-10-25 6:57,,,
40792,48,6371,52,Enrollment,3,2021-01-03 3:40,,,
29552,12310,3177,56,Enrollment,5,2020-07-14 17:27,,,
44528,12488,1597,59,Enrollment,5,2020-12-01 13:59,,,
16964,12284,8591,60,Withdrawal,8,2020-05-30 3:39,,,
67455,25,7636,61,Enrollment,7,2020-04-04 7:47,,,
66999,12504,6891,62,Enrollment,5,2021-02-15 1:47,,,
39757,5362,1304,64,Enrollment,6,2021-03-16 17:08,,,
94410,12939,3635,65,Enrollment,4,2020-03-20 16:35,,,
39439,12923,5935,6592,Enrollment,6,2021-03-07 8:17,,,
27239,6415,2857,7059,Enrollment,1,2020-05-17 5:48,,,
68221,786,6280,7459,Enrollment,9,2020-12-30 17:36,,,
31650,7433,3551,7584,Enrollment,10,2020-07-28 9:14,,,
31250,9372,8851,12,Enrollment,3,2021-02-21 11:08,,,
98673,11751,7198,14,Enrollment,7,2021-02-22 16:33,,,
80775,11158,3723,15,Enrollment,3,2020-09-27 21:44,,,
71133,12591,2991,17,Enrollment,10,2020-12-29 17:52,,,
36856,12893,4861,18,Enrollment,10,2020-10-05 9:51,,,
73649,12898,4250,28,Enrollment,4,2020-07-09 4:09,,,
43548,12871,8527,29,Withdrawal,6,2020-04-25 11:42,,,
98111,1877,5584,32,Enrollment,8,2020-08-07 3:57,,,
95287,12906,6445,33,Enrollment,10,2020-07-27 0:25,,,
22466,12393,7226,34,Enrollment,5,2020-05-30 11:07,,,
58728,12502,1983,35,Withdrawal,4,2020-11-30 21:12,,,
85575,9210,6078,37,Enrollment,8,2020-11-19 12:36,,,
60622,5760,4764,38,Enrollment,9,2021-02-18 1:18,,,
48520,12894,9224,39,Enrollment,7,2020-05-15 22:57,,,
54492,3049,2799,40,Enrollment,10,2020-07-16 21:18,,,
96435,12289,8090,41,Enrollment,4,2020-11-27 14:46,,,
76377,12314,6609,42,Enrollment,2,2021-01-29 17:27,,,
12093,12886,3887,43,Enrollment,10,2020-10-05 16:35,,,
88846,12533,5068,45,Enrollment,3,2020-09-30 7:29,,,
11702,12915,7186,50,Enrollment,2,2020-06-19 17:58,,,
65509,12891,5156,51,Enrollment,9,2021-03-12 11:32,,,
77422,8132,9159,52,Enrollment,4,2020-12-06 11:06,,,
53997,12920,5619,56,Enrollment,4,2020-05-22 20:31,,,
32609,12581,3554,59,Enrollment,10,2020-04-02 13:24,,,
20408,12701,5444,60,Enrollment,9,2021-01-16 16:26,,,
52214,16425,8191,61,Enrollment,3,2020-05-15 10:54,,,
22674,278,2512,62,Withdrawal,5,2020-11-03 17:56,,,
71255,12912,5390,64,Enrollment,7,2021-03-06 15:47,,,
35783,12970,9678,65,Enrollment,9,2021-02-05 9:17,,,
53352,12896,7957,6592,Enrollment,3,2021-01-24 23:42,,,
72172,12264,3753,7059,Enrollment,1,2021-02-05 17:56,,,
42834,211,8765,7459,Enrollment,8,2020-10-03 3:34,,,
99929,2276,7535,7584,Enrollment,4,2020-05-18 17:44,,,
52227,12862,4858,12,Enrollment,7,2020-06-11 2:43,,,
40402,12291,4236,14,Enrollment,8,2020-05-24 13:13,,,
71502,12976,8790,15,Enrollment,9,2021-03-10 2:41,,,
12828,12930,1562,17,Enrollment,1,2020-11-10 5:20,,,
72621,7,6639,18,Enrollment,4,2021-03-01 13:40,,,
66505,12890,2183,28,Enrollment,4,2020-10-16 4:32,,,
84515,12669,6458,29,Enrollment,2,2020-12-29 11:19,,,
98098,26,3752,32,Enrollment,1,2020-09-13 13:32,,,
16310,6484,2782,33,Withdrawal,8,2020-06-29 17:54,,,
96277,11180,2054,34,Enrollment,6,2021-03-02 17:30,,,
16430,12909,5604,35,Enrollment,2,2020-11-09 4:14,,,
24177,817,1173,37,Enrollment,2,2021-02-18 12:48,,,
26407,6112,1647,38,Withdrawal,4,2020-09-28 16:36,,,
43507,12887,5674,39,Enrollment,8,2020-04-24 4:21,,,
54816,12881,9552,40,Enrollment,7,2021-02-18 2:10,,,
16261,12421,2329,41,Enrollment,8,2020-12-17 7:02,,,
23306,12925,6981,42,Enrollment,10,2020-10-23 22:44,,,
81359,12926,9214,43,Enrollment,10,2020-09-17 22:20,,,
44410,12951,5016,45,Enrollment,8,2021-01-12 18:00,,,
32488,12805,7806,50,Enrollment,7,2021-02-22 15:38,,,
17338,12856,1978,51,Enrollment,7,2020-08-03 0:11,,,
48259,11837,9399,52,Enrollment,8,2021-02-14 3:57,,,
83145,5435,4217,56,Enrollment,7,2020-05-18 23:21,,,
90410,12419,8669,59,Enrollment,10,2020-09-21 3:51,,,
68948,12981,4302,60,Enrollment,3,2020-03-25 4:35,,,
79710,12721,4629,61,Enrollment,10,2021-02-28 15:27,,,
44946,12874,8127,62,Enrollment,3,2020-05-26 11:28,,,
80410,12781,3593,64,Enrollment,2,2021-01-06 3:43,,,
22812,12717,1387,65,Withdrawal,9,2020-11-13 13:48,,,
62393,12749,1720,6592,Enrollment,1,2020-04-18 16:41,,,
70578,12736,1812,7059,Enrollment,9,2020-12-18 6:08,,,
97491,12974,5432,7459,Enrollment,1,2020-10-20 20:00,,,
66600,12671,8951,7584,Enrollment,8,2020-09-23 8:00,,,
49595,12916,8698,12,Enrollment,9,2020-04-05 12:09,,,
93986,12875,8336,14,Enrollment,8,2020-09-15 8:43,,,
82650,12938,3593,15,Enrollment,2,2020-07-09 18:21,,,
11395,12288,9772,17,Enrollment,5,2020-09-28 18:08,,,
53602,12937,5212,18,Enrollment,2,2021-03-06 10:40,,,
17355,12882,7183,28,Enrollment,7,2020-04-15 20:02,,,
98403,12312,3524,29,Enrollment,8,2020-09-13 3:26,,,
12071,12451,1471,32,Enrollment,6,2020-03-28 3:23,,,
71657,12820,5875,33,Enrollment,8,2020-11-06 9:39,,,
50436,12883,6300,34,Enrollment,5,2020-07-14 15:02,,,
49039,8209,4987,35,Withdrawal,7,2020-04-11 22:28,,,
88065,12918,2552,37,Enrollment,9,2020-03-29 18:51,,,
90971,12545,3383,38,Enrollment,4,2020-11-24 19:04,,,
20002,10722,4113,39,Enrollment,10,2020-04-29 16:58,,,
98626,12315,5749,40,Withdrawal,9,2020-12-08 18:27,,,
34423,12969,5438,41,Enrollment,5,2020-10-13 10:18,,,
23459,12884,1120,42,Enrollment,6,2020-11-05 8:48,,,
90133,8546,9497,43,Enrollment,9,2020-10-02 3:22,,,
38943,12515,4072,45,Enrollment,4,2021-02-18 20:43,,,
19991,12472,1732,50,Enrollment,2,2020-06-22 8:12,,,
36455,12523,7194,51,Enrollment,3,2020-04-04 15:23,,,
77691,12630,3204,52,Enrollment,6,2020-11-14 6:07,,,
22143,12517,6115,56,Enrollment,4,2021-01-14 8:39,,,
22023,12064,6346,59,Enrollment,2,2020-11-14 18:36,,,
57350,12919,3896,60,Enrollment,5,2020-10-31 3:03,,,
34211,12907,1466,61,Enrollment,2,2020-03-21 1:29,,,
25630,9,2242,62,Enrollment,5,2020-05-01 16:37,,,
76364,12815,9738,64,Enrollment,3,2021-02-06 19:53,,,
97639,7906,6422,65,Enrollment,4,2020-09-28 18:31,,,
54434,12979,6994,6592,Enrollment,4,2020-07-02 9:03,,,
61244,7564,3103,7059,Withdrawal,5,2021-03-15 9:35,,,
33266,12908,3027,7459,Enrollment,8,2020-09-26 8:27,,,
31010,12313,8168,7584,Enrollment,1,2020-04-17 20:17,,,
63489,12868,7297,12,Enrollment,7,2020-05-18 7:11,,,
43037,12712,5555,14,Enrollment,7,2021-02-09 7:18,,,
27924,12889,4836,15,Enrollment,4,2020-10-23 22:41,,,
21867,12776,8555,17,Enrollment,5,2020-12-05 7:09,,,
50078,12676,2155,18,Enrollment,4,2021-01-13 7:28,,,
55224,27,7875,28,Enrollment,8,2020-11-07 16:19,,,
31740,8631,2753,29,Enrollment,3,2021-03-15 0:41,,,
41812,12744,6637,32,Enrollment,1,2021-03-11 14:18,,,
21406,12936,7553,33,Enrollment,1,2020-08-05 12:13,,,
52943,12994,4703,34,Enrollment,10,2021-03-01 17:18,,,
50045,12548,2189,35,Enrollment,7,2020-11-05 4:12,,,
20874,8666,1112,37,Enrollment,5,2021-01-03 17:31,,,
82889,12411,9358,38,Withdrawal,8,2020-09-30 22:05,,,
58056,12917,7727,39,Enrollment,1,2020-11-13 23:17,,,
47946,9009,2499,40,Enrollment,6,2020-09-02 15:10,,,
53576,29,4820,41,Enrollment,8,2020-07-17 9:26,,,
89178,12526,5229,42,Withdrawal,7,2020-12-04 8:44,,,
25092,12286,8165,43,Enrollment,7,2020-05-02 7:53,,,
90988,3232,5992,45,Enrollment,7,2020-07-10 3:57,,,
28628,9411,9464,50,Enrollment,7,2020-11-14 15:17,,,
78105,12879,3783,51,Enrollment,5,2021-03-04 18:12,,,
67617,12880,3923,52,Enrollment,3,2021-01-21 14:56,,,
92848,12932,7965,56,Enrollment,10,2020-07-03 9:52,,,
46306,12931,5249,59,Enrollment,1,2020-12-28 9:44,,,
61933,10082,8533,60,Enrollment,4,2020-08-19 15:02,,,
64427,2286,7230,61,Enrollment,5,2020-09-11 13:49,,,
43312,6942,4328,62,Enrollment,5,2020-06-07 7:16,,,
15930,12913,5813,64,Enrollment,5,2021-01-14 11:26,,,
58508,12910,4787,65,Enrollment,4,2020-07-20 12:16,,,
61407,12878,2589,6592,Enrollment,4,2020-03-31 4:00,,,
93733,8181,4512,7059,Enrollment,10,2020-09-14 21:31,,,
52411,8553,9529,7459,Enrollment,1,2020-07-05 22:04,,,
39181,8376,8254,7584,Withdrawal,5,2020-03-25 14:22,,,
52205,6836,8248,12,Enrollment,8,2020-07-02 17:24,,,
51485,7622,7527,14,Enrollment,1,2020-08-15 23:01,,,
58154,228,9621,15,Enrollment,2,2020-06-12 8:49,,,
90112,3372,8190,17,Enrollment,5,2020-10-19 8:21,,,
54656,8401,2329,18,Enrollment,4,2020-06-06 10:49,,,
39890,7972,8256,28,Enrollment,7,2020-12-12 11:08,,,
97744,5388,4693,29,Enrollment,1,2020-04-02 9:16,,,
15576,7478,7879,32,Enrollment,5,2020-10-30 5:04,,,
28483,5603,9186,33,Enrollment,5,2020-08-21 13:48,,,
34583,8717,2521,34,Enrollment,1,2020-11-11 11:16,,,
50670,8030,9810,35,Enrollment,2,2020-11-18 18:58,,,
63981,10034,1578,37,Enrollment,2,2020-11-05 7:06,,,
90196,9337,2697,38,Enrollment,6,2020-03-26 18:16,,,
16116,2978,4523,39,Enrollment,6,2020-09-17 9:20,,,
16453,3714,1247,40,Withdrawal,3,2021-03-07 19:52,,,
98829,8111,3361,41,Enrollment,2,2020-11-28 16:26,,,
21643,4248,1892,42,Enrollment,5,2020-03-24 1:28,,,
90091,2280,9394,43,Enrollment,9,2021-03-18 14:19,,,
20860,3945,2376,45,Withdrawal,8,2020-11-26 1:59,,,
53657,10928,4458,50,Enrollment,3,2021-01-19 2:15,,,
54159,7712,8352,51,Enrollment,1,2021-03-04 0:07,,,
86832,10674,8526,52,Enrollment,6,2020-09-01 17:03,,,
71241,3111,9004,56,Enrollment,9,2020-06-12 2:59,,,
37449,7125,2162,59,Enrollment,3,2020-05-23 6:33,,,
30638,9130,7542,60,Enrollment,1,2021-01-02 23:56,,,
73171,3829,2283,61,Enrollment,5,2020-04-06 7:22,,,
17141,7975,3799,62,Enrollment,5,2020-03-20 6:30,,,
24885,332,4699,64,Enrollment,4,2020-11-16 22:19,,,
72456,3383,6146,65,Enrollment,5,2020-06-02 19:20,,,
85402,12432,3792,6592,Enrollment,7,2020-06-10 1:08,,,
90287,9525,1574,7059,Enrollment,6,2020-06-12 18:13,,,
85786,12212,7852,7459,Enrollment,5,2020-11-03 16:43,,,
91583,3658,2900,7584,Enrollment,3,2020-06-02 22:36,,,
72658,9936,8630,12,Enrollment,1,2020-12-17 21:28,,,
91090,10290,3263,14,Withdrawal,2,2020-08-07 2:43,,,
55906,7410,8365,15,Enrollment,10,2020-06-06 8:55,,,
25690,12362,3443,17,Enrollment,9,2020-06-26 23:29,,,
42688,11140,2585,18,Enrollment,3,2020-07-08 2:08,,,
24812,8143,5798,28,Enrollment,8,2020-08-08 12:02,,,
20099,885,9470,29,Enrollment,4,2021-03-03 6:11,,,
37489,12051,3170,32,Enrollment,10,2020-05-18 17:30,,,
41689,5112,1812,33,Enrollment,8,2020-12-22 0:20,,,
20323,5369,3730,34,Enrollment,6,2021-03-10 8:51,,,
77942,7813,3911,35,Enrollment,7,2020-05-20 23:28,,,
75881,3961,3406,37,Enrollment,8,2021-03-03 0:40,,,
46064,7223,2272,38,Enrollment,1,2020-12-21 22:04,,,
12767,8333,8140,39,Enrollment,4,2020-08-01 21:00,,,
67632,12182,7485,40,Enrollment,9,2020-11-24 12:53,,,
76402,11372,7808,41,Enrollment,9,2020-03-27 15:59,,,
61889,4951,4042,42,Withdrawal,1,2020-09-26 5:21,,,
34807,2295,4376,43,Enrollment,7,2020-07-18 22:37,,,
95741,7929,3034,45,Enrollment,8,2021-03-11 12:06,,,
66744,10725,4462,50,Enrollment,5,2021-02-16 14:48,,,
67497,4366,1419,51,Withdrawal,1,2020-06-29 4:55,,,
66701,2298,9293,52,Enrollment,3,2020-08-14 4:10,,,
72432,3239,2269,56,Enrollment,1,2021-03-02 22:28,,,
73051,7023,4058,59,Enrollment,6,2020-08-21 17:46,,,
54927,5226,5929,60,Enrollment,4,2020-08-10 4:31,,,
88079,12602,4202,61,Enrollment,3,2020-12-04 16:26,,,
98487,11560,4329,62,Enrollment,5,2020-12-19 16:28,,,
23603,5233,6791,64,Enrollment,2,2021-02-08 1:59,,,
48275,7482,3196,65,Enrollment,3,2020-04-29 10:40,,,
36120,8203,8898,6592,Enrollment,5,2020-09-04 2:01,,,
16759,2231,2316,7059,Enrollment,6,2020-12-16 8:59,,,
21199,8093,7966,7459,Enrollment,4,2020-04-19 22:37,,,
19729,255,2449,7584,Enrollment,3,2020-05-21 0:53,,,
71420,12276,7365,12,Enrollment,1,2020-05-13 4:20,,,
22290,6225,4638,14,Enrollment,8,2020-09-24 1:05,,,
40255,8801,7498,15,Enrollment,9,2020-05-19 1:14,,,
39438,6636,3121,17,Withdrawal,4,2021-02-15 7:50,,,
82872,11097,5955,18,Enrollment,10,2020-12-22 1:02,,,
52205,2586,4684,28,Enrollment,2,2020-12-12 23:24,,,
97105,9296,3249,29,Enrollment,6,2020-09-29 20:15,,,
17160,7513,9413,32,Enrollment,1,2020-10-25 4:30,,,
19001,8925,9995,33,Enrollment,4,2020-04-14 23:45,,,
95970,5949,7177,34,Enrollment,5,2020-06-11 1:26,,,
22876,10756,4137,35,Enrollment,10,2021-02-09 8:59,,,
79383,3490,3899,37,Enrollment,3,2020-04-12 15:17,,,
26541,10885,8801,38,Enrollment,5,2020-07-28 3:35,,,
55327,141,7470,39,Enrollment,8,2020-05-04 17:12,,,
50367,11454,9018,40,Enrollment,5,2020-12-22 18:10,,,
61244,6823,3494,41,Enrollment,8,2020-07-19 14:59,,,
83757,3744,6678,42,Enrollment,4,2020-08-03 14:49,,,
13870,5761,8039,43,Enrollment,5,2020-06-12 20:04,,,
30553,5863,3641,45,Withdrawal,7,2020-06-13 22:10,,,
90556,2245,1186,50,Enrollment,2,2020-05-08 20:05,,,
21721,9496,9633,51,Enrollment,5,2021-02-14 14:28,,,
73536,12552,8522,52,Enrollment,8,2020-10-16 13:22,,,
89456,10071,8686,56,Withdrawal,5,2020-10-02 2:20,,,
25917,4725,5926,59,Enrollment,1,2020-10-28 10:59,,,
45076,6547,6807,60,Enrollment,5,2020-12-19 2:32,,,
96058,8503,4635,61,Enrollment,9,2020-05-18 9:34,,,
94704,10804,2244,62,Enrollment,1,2020-07-24 9:20,,,
22243,7719,6608,64,Enrollment,3,2020-07-30 4:51,,,
14447,7280,4838,65,Enrollment,9,2020-09-04 15:26,,,
33461,1965,4774,6592,Enrollment,1,2021-01-06 3:51,,,
71282,2426,8095,7059,Enrollment,3,2020-10-09 9:19,,,
40134,8879,9505,7459,Enrollment,1,2020-08-12 15:23,,,
75182,2568,9422,7584,Enrollment,1,2020-12-31 16:41,,,
52423,3233,3607,12,Enrollment,9,2020-03-31 11:24,,,
25994,7203,4615,14,Enrollment,2,2020-10-22 18:13,,,
87390,11526,4901,15,Enrollment,8,2020-09-29 2:41,,,
87648,3785,5721,17,Enrollment,2,2020-10-21 22:45,,,
60138,4499,9869,18,Enrollment,6,2020-11-25 17:37,,,
92040,8705,3436,28,Withdrawal,10,2020-05-06 0:48,,,
28641,1536,6586,29,Enrollment,8,2020-10-23 11:51,,,
28012,5486,3771,32,Enrollment,7,2020-12-18 19:58,,,
28621,4449,6285,33,Enrollment,9,2020-06-06 18:15,,,
87393,5584,1862,34,Enrollment,9,2020-09-08 15:32,,,
59695,198,9958,35,Enrollment,8,2020-05-11 6:22,,,
53914,4524,3321,37,Enrollment,9,2020-05-30 8:06,,,
21534,2664,9306,38,Enrollment,9,2020-06-17 22:34,,,
89999,726,7669,39,Enrollment,3,2020-06-16 5:59,,,
59703,3962,2882,40,Enrollment,1,2020-12-07 11:07,,,
41939,9270,8951,41,Enrollment,5,2021-02-07 2:59,,,
57570,6839,4862,42,Enrollment,10,2020-07-04 18:36,,,
77565,7500,2673,43,Enrollment,5,2020-07-04 3:34,,,
80794,5602,3941,45,Enrollment,7,2020-05-26 23:58,,,
61421,2897,5100,50,Enrollment,8,2020-06-26 15:15,,,
30142,5041,1814,51,Withdrawal,2,2020-07-12 8:38,,,
68010,7390,9368,52,Enrollment,4,2020-08-28 21:17,,,
22625,4215,9681,56,Enrollment,7,2020-12-06 0:36,,,
17791,5375,4040,59,Enrollment,9,2020-12-19 23:39,,,
75845,10346,3161,60,Withdrawal,7,2020-05-06 6:46,,,
62201,4928,6416,61,Enrollment,7,2020-11-11 19:59,,,
74172,6625,2172,62,Enrollment,7,2020-09-28 15:20,,,
29629,12850,7815,64,Enrollment,7,2021-03-12 9:47,,,
13921,9874,2635,65,Enrollment,6,2020-05-30 12:11,,,
78727,3036,8960,6592,Enrollment,9,2020-07-01 8:36,,,
45917,1090,6819,7059,Enrollment,4,2020-04-07 4:47,,,
44848,11855,3106,7459,Enrollment,7,2020-10-30 18:02,,,
13557,12683,9157,7584,Enrollment,4,2021-03-01 9:48,,,
52987,6844,5997,12,Enrollment,8,2020-07-19 16:19,,,
98801,8763,9908,14,Enrollment,6,2020-06-21 13:43,,,
72841,11308,3384,15,Enrollment,3,2020-11-13 18:43,,,
35142,4536,9196,17,Enrollment,1,2020-10-31 8:27,,,
70643,4393,8405,18,Enrollment,5,2020-04-22 10:43,,,
41490,9898,8376,28,Enrollment,10,2020-12-01 8:16,,,
72842,2949,4254,29,Enrollment,4,2020-08-25 6:12,,,
53195,3078,7438,32,Withdrawal,10,2020-10-26 0:57,,,
54422,7794,3282,33,Enrollment,7,2020-04-13 13:28,,,
63909,4283,5113,34,Enrollment,3,2020-11-11 2:01,,,
54369,6125,4900,35,Enrollment,2,2020-11-01 9:06,,,
83520,11643,9871,37,Enrollment,4,2020-10-29 18:52,,,
75525,6605,2443,38,Enrollment,3,2021-01-27 13:35,,,
88021,8136,1357,39,Enrollment,6,2020-12-10 18:06,,,
71489,5545,3040,40,Enrollment,4,2020-04-28 17:17,,,
57708,1885,8521,41,Enrollment,3,2020-08-24 12:05,,,
41500,5439,8893,42,Enrollment,7,2020-08-10 12:09,,,
50342,3809,3233,43,Enrollment,4,2021-01-23 12:56,,,
72898,5923,6944,45,Enrollment,6,2020-03-24 5:54,,,
71991,8278,2518,50,Enrollment,2,2020-09-06 13:43,,,
50525,8770,2604,51,Enrollment,9,2020-06-09 23:33,,,
29212,11483,2251,52,Enrollment,5,2021-03-04 17:26,,,
81007,2680,2900,56,Withdrawal,9,2021-02-26 16:44,,,
29311,554,1953,59,Enrollment,8,2020-08-30 19:29,,,
87940,226,7094,60,Enrollment,2,2020-03-23 14:20,,,
36257,7861,5799,61,Enrollment,3,2020-05-19 16:59,,,
91814,802,8616,62,Withdrawal,3,2020-06-01 6:18,,,
39759,7537,7725,64,Enrollment,5,2020-06-30 19:33,,,
89486,5110,6862,65,Enrollment,6,2020-10-28 17:14,,,
31753,8253,6966,6592,Enrollment,4,2021-02-08 10:37,,,
82474,10690,6317,7059,Enrollment,5,2020-03-26 3:56,,,
41191,12601,3850,7459,Enrollment,1,2021-01-01 7:32,,,
69271,12607,3684,7584,Enrollment,5,2020-04-27 17:45,,,
65610,5803,6424,12,Enrollment,10,2020-06-09 19:31,,,
95560,3468,9232,14,Enrollment,2,2021-01-09 11:09,,,
64110,12414,5284,15,Enrollment,5,2020-03-23 12:42,,,
12005,1464,6608,17,Enrollment,10,2021-01-29 21:42,,,
15563,253,5720,18,Enrollment,7,2020-10-21 3:09,,,
62992,10406,6304,28,Enrollment,5,2020-08-09 3:58,,,
66133,992,2759,29,Enrollment,3,2020-08-01 22:58,,,
13027,11800,2410,32,Enrollment,9,2020-07-05 9:57,,,
20405,2839,3115,33,Enrollment,6,2020-12-13 10:52,,,
35137,3858,8734,34,Withdrawal,10,2020-10-24 21:06,,,
62125,3297,6607,35,Enrollment,3,2021-01-31 20:15,,,
20982,8,6075,37,Enrollment,6,2020-05-26 8:01,,,
90202,8130,3266,38,Enrollment,1,2020-10-08 1:58,,,
50421,12365,5266,39,Enrollment,10,2020-06-10 13:35,,,
25467,10077,6311,40,Enrollment,4,2020-07-15 4:28,,,
26343,7438,7511,41,Enrollment,7,2020-06-03 11:31,,,
18251,594,9018,42,Enrollment,6,2020-05-17 19:33,,,
71448,12247,3781,43,Enrollment,4,2020-07-03 10:57,,,
11735,10715,6061,45,Enrollment,3,2020-04-11 9:38,,,
92135,2319,7297,50,Enrollment,8,2020-12-19 7:37,,,
30746,4375,4486,51,Enrollment,7,2020-07-13 15:56,,,
28185,6585,6172,52,Enrollment,1,2020-06-17 1:46,,,
88409,3681,7950,56,Enrollment,7,2020-04-20 11:33,,,
28274,1213,7340,59,Enrollment,7,2020-05-21 13:57,,,
15167,11913,5684,60,Withdrawal,5,2020-11-28 9:56,,,
59579,6217,8454,61,Enrollment,8,2020-04-20 10:43,,,
49914,5419,3543,62,Enrollment,7,2020-11-25 15:23,,,
24688,12624,8042,64,Enrollment,7,2020-12-29 23:34,,,
36025,10507,6607,65,Withdrawal,8,2020-04-27 0:22,,,
61015,1664,2886,6592,Enrollment,2,2021-01-30 12:09,,,
90362,2266,2052,7059,Enrollment,9,2021-01-09 4:34,,,
87588,9564,4989,7459,Enrollment,5,2020-05-16 12:50,,,
19125,3439,5001,7584,Enrollment,8,2020-11-02 20:43,,,
60478,4706,8162,12,Enrollment,6,2020-10-15 22:39,,,
30827,4114,3771,14,Enrollment,9,2020-07-14 19:34,,,
95946,12541,4990,15,Enrollment,5,2020-05-01 21:26,,,
17575,7291,5621,17,Enrollment,3,2020-10-03 5:32,,,
96129,7170,6862,18,Enrollment,5,2020-07-03 19:05,,,
96075,7346,8493,28,Enrollment,6,2020-06-24 3:58,,,
21350,6698,2867,29,Enrollment,1,2020-05-09 21:21,,,
29380,3625,3164,32,Enrollment,8,2021-02-26 22:30,,,
11983,3315,6882,33,Enrollment,1,2020-10-09 13:11,,,
38841,8342,5101,34,Enrollment,7,2020-11-12 11:08,,,
86510,9998,5257,35,Enrollment,10,2020-09-07 21:08,,,
39919,1944,3531,37,Withdrawal,2,2020-07-18 12:23,,,
27836,9632,8875,38,Enrollment,5,2020-03-21 11:48,,,
94167,6729,1846,39,Enrollment,7,2020-04-28 18:27,,,
11512,164,8206,40,Enrollment,8,2020-05-16 10:47,,,
69710,11903,5880,41,Enrollment,7,2020-05-05 12:02,,,
38686,4925,7009,42,Enrollment,9,2020-08-04 10:38,,,
85523,3209,6762,43,Enrollment,9,2020-10-08 7:15,,,
14200,1143,2443,45,Enrollment,5,2020-03-23 12:24,,,
79535,12470,1576,50,Enrollment,1,2021-01-14 18:56,,,
43917,10480,9322,51,Enrollment,4,2020-10-04 13:10,,,
54464,8634,4896,52,Enrollment,6,2020-12-07 13:48,,,
36250,504,9777,56,Enrollment,4,2020-05-10 2:31,,,
77945,5837,6019,59,Enrollment,4,2020-10-13 16:14,,,
49094,7069,9522,60,Enrollment,9,2020-06-03 17:21,,,
83167,5054,7209,61,Enrollment,2,2020-06-01 18:13,,,
16662,7662,4295,62,Withdrawal,10,2020-03-29 21:23,,,
87129,1127,9000,64,Enrollment,6,2021-02-05 15:23,,,
75171,5905,4915,65,Enrollment,10,2021-02-15 6:59,,,
65211,6961,9513,6592,Enrollment,8,2020-05-27 13:05,,,
75975,607,1477,7059,Withdrawal,1,2020-04-12 21:51,,,
13900,6681,8797,7459,Enrollment,8,2020-09-15 22:05,,,
70374,1845,1524,7584,Enrollment,8,2020-12-24 13:19,,,
67260,1004,3523,12,Enrollment,2,2020-11-03 5:27,,,
33640,2393,5998,14,Enrollment,9,2021-02-03 21:32,,,
41481,6909,7454,15,Enrollment,2,2021-01-07 1:31,,,
27857,4021,9067,17,Enrollment,5,2020-04-02 21:13,,,
75786,8129,8084,18,Enrollment,1,2020-08-12 1:36,,,
44938,3967,8026,28,Enrollment,10,2021-03-15 5:14,,,
72359,55,5640,29,Enrollment,4,2020-11-10 18:22,,,
40871,6988,7094,32,Enrollment,6,2020-07-07 7:20,,,
15950,4847,8337,33,Enrollment,2,2020-09-01 21:52,,,
26963,11338,3358,34,Enrollment,7,2020-05-08 12:21,,,
53214,4788,3731,35,Enrollment,10,2020-05-30 6:58,,,
81539,1181,4343,37,Enrollment,3,2020-10-21 5:08,,,
33813,2825,9091,38,Enrollment,4,2021-02-28 14:41,,,
47060,12588,5322,39,Withdrawal,7,2020-10-18 12:57,,,
60803,6387,9064,40,Enrollment,10,2020-07-31 11:34,,,
62799,9434,4689,41,Enrollment,3,2020-12-21 13:26,,,
40706,10125,1168,42,Enrollment,10,2020-10-20 21:13,,,
97170,12033,4612,43,Enrollment,4,2020-12-02 14:04,,,
18528,939,2798,45,Enrollment,10,2020-12-26 7:44,,,
91852,4153,6215,50,Enrollment,1,2020-09-16 4:13,,,
95189,10719,4675,51,Enrollment,2,2021-02-28 11:35,,,
19407,8535,4338,52,Enrollment,4,2020-03-24 23:54,,,
77690,1426,5651,56,Enrollment,4,2020-04-02 6:39,,,
24637,3149,2870,59,Enrollment,7,2020-10-24 16:24,,,
27031,7784,2825,60,Enrollment,3,2020-06-01 22:03,,,
48242,10374,1626,61,Enrollment,8,2020-08-16 23:27,,,
27918,12705,7424,62,Enrollment,3,2021-01-24 5:59,,,
78946,1848,2047,64,Enrollment,8,2020-07-22 22:42,,,
69891,2940,3597,65,Withdrawal,8,2020-12-15 17:11,,,
14314,1185,3302,6592,Enrollment,7,2020-08-12 18:16,,,
60391,2330,6782,7059,Enrollment,4,2020-03-28 5:25,,,
98463,12575,7048,7459,Enrollment,1,2020-09-04 5:10,,,
28364,7991,7498,7584,Withdrawal,5,2020-09-22 15:40,,,
88467,7178,6950,12,Enrollment,2,2020-11-12 2:45,,,
57178,11490,7930,14,Enrollment,6,2020-09-18 10:36,,,
58435,9963,9456,15,Enrollment,10,2020-03-23 9:14,,,
62865,5001,2120,17,Enrollment,2,2020-04-11 19:20,,,
72239,1484,6454,18,Enrollment,5,2021-01-13 2:16,,,
41415,8331,5549,28,Enrollment,4,2020-12-27 4:10,,,
15529,7029,9641,29,Enrollment,3,2020-11-14 0:18,,,
40465,9015,6592,32,Enrollment,10,2020-04-29 10:13,,,
72197,11494,2671,33,Enrollment,4,2020-08-25 11:50,,,
42453,10560,9296,34,Enrollment,5,2020-08-06 17:47,,,
47262,8290,5059,35,Enrollment,9,2020-09-14 12:12,,,
99778,3155,3428,37,Enrollment,8,2020-07-16 0:50,,,
62895,8916,3799,38,Enrollment,7,2021-02-18 5:15,,,
46583,9216,8525,39,Enrollment,3,2021-01-13 6:23,,,
47915,2992,4820,40,Enrollment,7,2020-06-29 23:59,,,
29710,9782,1733,41,Withdrawal,4,2020-05-23 6:04,,,
75967,2048,1498,42,Enrollment,4,2020-10-09 8:24,,,
39408,5208,9839,43,Enrollment,10,2020-10-02 4:54,,,
41814,4825,4467,45,Enrollment,1,2020-06-08 3:19,,,
18057,11062,6404,50,Enrollment,1,2020-05-01 2:08,,,
98774,11059,1604,51,Enrollment,9,2020-08-27 11:36,,,
42266,7990,9251,52,Enrollment,9,2020-04-22 5:26,,,
17707,6237,9536,56,Enrollment,3,2020-06-15 1:07,,,
25789,6485,3847,59,Enrollment,4,2020-09-02 18:51,,,
26901,920,9877,60,Enrollment,6,2020-10-18 1:12,,,
17872,3275,2745,61,Enrollment,1,2020-08-14 18:59,,,
17809,9900,1425,62,Enrollment,5,2020-12-23 8:21,,,
86331,5402,7527,64,Enrollment,6,2020-10-27 14:13,,,
85876,1796,4116,65,Enrollment,2,2020-08-30 22:37,,,
26861,2610,1768,6592,Enrollment,2,2020-07-04 20:51,,,
25854,3238,6309,7059,Withdrawal,5,2020-04-29 0:25,,,
92430,7810,6044,7459,Enrollment,3,2020-09-15 15:47,,,
15380,7134,5179,7584,Enrollment,7,2020-04-05 15:39,,,
52939,2713,1402,12,Enrollment,4,2020-08-13 21:50,,,
83565,9441,4388,14,Withdrawal,4,2021-03-14 9:28,,,
32601,8192,2844,15,Enrollment,10,2021-01-15 15:39,,,
29368,11109,4592,17,Enrollment,7,2021-01-11 7:19,,,
54364,12151,3012,18,Enrollment,10,2020-03-19 3:32,,,
25306,9986,2833,28,Enrollment,4,2020-04-17 2:00,,,
98406,6305,1434,29,Enrollment,2,2021-01-31 9:22,,,
12446,12399,8187,32,Enrollment,5,2020-03-23 10:31,,,
20620,3561,9793,33,Enrollment,3,2020-07-07 12:09,,,
79951,11460,4570,34,Enrollment,7,2021-01-05 7:59,,,
14119,11755,5266,35,Enrollment,2,2020-04-12 22:57,,,
88805,4359,9499,37,Enrollment,10,2020-04-03 18:07,,,
91563,12290,9022,38,Enrollment,7,2021-02-03 5:56,,,
68406,4530,2766,39,Enrollment,3,2020-06-16 12:37,,,
92331,3304,3608,40,Enrollment,4,2020-04-01 15:07,,,
90979,10865,7500,41,Enrollment,7,2020-06-20 4:06,,,
93826,8140,5286,42,Enrollment,7,2020-08-19 16:45,,,
41836,3958,7475,43,Withdrawal,9,2020-05-03 19:07,,,
16353,6475,7832,45,Enrollment,3,2020-07-03 13:04,,,
19662,2556,6950,50,Enrollment,8,2020-07-06 12:50,,,
87431,2866,3196,51,Enrollment,3,2020-10-05 13:44,,,
56377,7697,9411,52,Enrollment,10,2020-08-15 16:48,,,
12935,10330,5491,56,Enrollment,10,2020-11-22 14:03,,,
88538,6944,9760,59,Enrollment,10,2020-12-05 21:52,,,
39265,9860,1193,60,Enrollment,10,2020-12-18 16:16,,,
99965,9856,8604,61,Enrollment,8,2021-01-19 16:44,,,
96187,4254,6671,62,Enrollment,10,2021-03-01 10:21,,,
78815,184,7611,64,Enrollment,8,2020-09-09 19:16,,,
58149,6111,8882,65,Enrollment,5,2020-11-12 16:39,,,
81797,5129,2030,6592,Enrollment,3,2020-12-15 3:28,,,
39987,1353,7369,7059,Enrollment,9,2020-04-15 21:34,,,
66480,1868,9876,7459,Enrollment,5,2021-03-01 19:54,,,
49062,3523,9835,7584,Withdrawal,4,2021-03-09 6:00,,,
82332,12958,3288,12,Enrollment,6,2021-02-01 9:21,,,
52395,8138,2609,14,Enrollment,4,2021-03-01 0:40,,,
31178,7131,5839,15,Enrollment,9,2020-04-25 22:31,,,
14672,9233,9400,17,Withdrawal,2,2020-09-05 23:50,,,
86748,11183,2115,18,Enrollment,4,2020-09-12 18:22,,,
13302,5073,5569,28,Enrollment,4,2020-07-09 17:41,,,
60214,10556,5675,29,Enrollment,4,2020-05-12 14:43,,,
66137,7244,7643,32,Enrollment,5,2020-09-26 7:24,,,
27490,10733,3647,33,Enrollment,2,2020-07-20 23:36,,,
33925,6081,5812,34,Enrollment,1,2020-07-30 13:00,,,
68122,11116,4287,35,Enrollment,1,2020-08-12 4:45,,,
39974,564,5309,37,Enrollment,1,2021-03-13 16:39,,,
66078,9945,8854,38,Enrollment,3,2020-10-15 20:43,,,
82338,2497,5914,39,Enrollment,5,2020-11-05 15:27,,,
34334,351,6277,40,Enrollment,9,2020-12-27 5:18,,,
62944,6553,9653,41,Enrollment,5,2020-12-25 8:50,,,
12122,11290,4270,42,Enrollment,3,2020-11-28 9:30,,,
21185,12949,8897,43,Enrollment,9,2020-07-16 13:17,,,
22953,2837,7465,45,Enrollment,9,2020-08-09 16:46,,,
31500,11249,2353,50,Withdrawal,10,2020-07-23 9:31,,,
19041,7720,8832,51,Enrollment,1,2020-09-25 19:28,,,
30658,7068,6724,52,Enrollment,9,2020-04-27 20:44,,,
92064,9146,3715,56,Enrollment,1,2020-08-08 15:10,,,
62432,11245,2174,59,Enrollment,6,2020-12-22 1:32,,,
75478,3567,3876,60,Enrollment,9,2020-12-16 8:31,,,
29667,11981,2553,61,Enrollment,10,2020-06-27 7:56,,,
76833,10178,1379,62,Enrollment,1,2020-12-16 7:55,,,
90012,12425,2752,64,Enrollment,7,2020-09-01 2:31,,,
14087,11465,5523,65,Enrollment,1,2020-05-31 13:09,,,
71845,3806,6972,6592,Enrollment,10,2021-03-02 14:10,,,
21392,5878,5050,7059,Enrollment,10,2020-08-09 17:50,,,
90097,2355,7959,7459,Enrollment,6,2021-03-11 15:08,,,
83445,2933,5131,7584,Enrollment,5,2020-08-21 13:36,,,
41691,10882,6891,12,Enrollment,9,2020-10-20 13:33,,,
74098,2452,7537,14,Withdrawal,1,2020-08-12 2:41,,,
37873,4328,3838,15,Enrollment,9,2021-01-12 19:07,,,
82019,7806,6049,17,Enrollment,8,2021-03-15 4:25,,,
85219,8121,5463,18,Enrollment,9,2020-07-04 20:56,,,
98921,5614,9775,28,Withdrawal,8,2020-04-27 11:16,,,
63422,2384,6005,29,Enrollment,10,2020-07-13 23:09,,,
92560,2007,2936,32,Enrollment,6,2020-04-16 7:19,,,
44763,107,4774,33,Enrollment,6,2020-06-01 0:24,,,
15036,12734,7344,34,Enrollment,3,2021-01-06 18:17,,,
49700,6662,1780,35,Enrollment,9,2020-06-09 8:47,,,
58089,3588,7939,37,Enrollment,10,2020-09-18 19:33,,,
73281,4357,1968,38,Enrollment,10,2020-04-30 4:16,,,
48792,7874,8480,39,Enrollment,3,2021-01-12 22:26,,,
74260,4994,9730,40,Enrollment,6,2020-10-11 11:02,,,
67741,982,1872,41,Enrollment,6,2020-11-18 23:42,,,
71091,9023,3783,42,Enrollment,10,2020-09-18 23:04,,,
47083,10221,6319,43,Enrollment,4,2021-01-03 8:56,,,
54704,7443,9126,45,Enrollment,6,2020-11-22 20:41,,,
53807,3339,6632,50,Enrollment,5,2020-10-04 4:49,,,
27969,7723,2641,51,Enrollment,10,2020-06-24 5:42,,,
81425,7956,6876,52,Withdrawal,4,2020-07-21 22:01,,,
98973,7273,5724,56,Enrollment,8,2020-12-15 3:12,,,
86518,7095,7679,59,Enrollment,3,2021-01-04 14:40,,,
43816,3661,1375,60,Enrollment,2,2020-10-20 7:11,,,
87411,12149,6860,61,Enrollment,2,2020-03-27 16:23,,,
33915,6231,1398,62,Enrollment,1,2020-12-26 13:40,,,
74556,1894,4220,64,Enrollment,2,2021-03-12 16:41,,,
46836,3987,9261,65,Enrollment,1,2020-12-22 15:53,,,
98658,9683,1338,6592,Enrollment,6,2020-07-03 19:45,,,
13767,6094,6030,7059,Enrollment,1,2020-09-08 21:12,,,
38358,1846,6279,7459,Enrollment,1,2020-11-08 10:29,,,
33150,6812,9609,7584,Enrollment,5,2020-06-21 4:01,,,
39148,3082,8848,12,Enrollment,2,2020-10-12 17:56,,,
55962,175,4229,14,Enrollment,3,2021-02-23 2:29,,,
74397,2510,1773,15,Enrollment,8,2021-01-24 5:11,,,
51965,8642,9216,17,Withdrawal,5,2020-05-18 2:35,,,
44164,2388,6561,18,Enrollment,5,2020-04-24 22:10,,,
87946,8726,2665,28,Enrollment,5,2020-08-10 4:48,,,
93330,6703,5216,29,Enrollment,5,2021-01-25 11:42,,,
86068,7159,3948,32,Withdrawal,4,2021-01-21 12:09,,,
73583,7403,9500,33,Enrollment,2,2020-08-27 8:14,,,
92699,4251,9086,34,Enrollment,7,2020-06-11 13:30,,,
25336,3908,5875,35,Enrollment,8,2020-04-16 13:33,,,
61488,3416,1265,37,Enrollment,10,2020-12-05 21:07,,,
17681,9987,6999,38,Enrollment,4,2021-02-06 17:50,,,
92426,569,1293,39,Enrollment,3,2020-04-06 15:49,,,
94751,6929,4252,40,Enrollment,4,2020-09-15 10:09,,,
44534,9547,6145,41,Enrollment,5,2020-08-04 13:51,,,
13054,4404,1156,42,Enrollment,3,2020-07-24 12:54,,,
63456,11458,4959,43,Enrollment,5,2020-06-08 12:12,,,
32930,11557,7518,45,Enrollment,3,2020-07-19 4:45,,,
29294,8336,4854,50,Enrollment,10,2020-08-29 10:56,,,
61930,2226,4246,51,Enrollment,3,2021-02-20 8:31,,,
20347,6715,2292,52,Enrollment,7,2021-01-12 23:11,,,
70456,10944,9506,56,Enrollment,6,2020-06-04 2:28,,,
45452,9444,6335,59,Withdrawal,4,2020-09-14 23:23,,,
66612,9714,1860,60,Enrollment,4,2020-11-03 0:30,,,
74854,8892,2158,61,Enrollment,8,2020-06-06 20:41,,,
15973,1370,5762,62,Enrollment,4,2020-09-08 13:11,,,
89545,2578,4200,64,Enrollment,1,2020-09-15 3:03,,,
14992,9504,2801,65,Enrollment,4,2020-12-18 8:04,,,
26136,2591,8233,6592,Enrollment,8,2021-01-31 19:03,,,
34201,2427,4149,7059,Enrollment,7,2020-10-05 8:23,,,
65812,3392,9887,7459,Enrollment,7,2020-10-26 10:38,,,
90732,4656,5452,7584,Enrollment,8,2020-04-24 6:44,,,
59871,5242,9149,12,Enrollment,1,2020-04-28 15:57,,,
44431,11261,6458,14,Enrollment,2,2020-09-12 0:21,,,
33808,7360,6026,15,Enrollment,2,2020-03-21 14:31,,,
60070,1485,6068,17,Enrollment,3,2020-09-23 12:59,,,
34089,7742,7181,18,Enrollment,10,2020-09-24 22:35,,,
18304,3361,1759,28,Withdrawal,3,2021-03-06 9:35,,,
48893,11352,1930,29,Enrollment,10,2020-07-26 13:27,,,
52632,5539,7088,32,Enrollment,2,2020-10-24 19:28,,,
89349,2592,5889,33,Enrollment,1,2020-12-04 12:51,,,
20139,7235,5151,34,Withdrawal,1,2020-08-02 4:48,,,
54703,7900,4628,35,Enrollment,8,2020-05-24 9:55,,,
12799,6539,9438,37,Enrollment,4,2020-04-14 9:47,,,
65920,10788,4184,38,Enrollment,10,2020-09-25 19:37,,,
27362,1505,9295,39,Enrollment,5,2020-11-23 23:08,,,
48119,10568,6161,40,Enrollment,2,2021-02-25 11:07,,,
84368,3985,2342,41,Enrollment,1,2020-06-19 14:52,,,
50443,9360,2502,42,Enrollment,9,2020-08-15 19:43,,,
94108,2565,8167,43,Enrollment,7,2021-02-17 7:50,,,
54128,9305,3623,45,Enrollment,3,2020-07-31 16:46,,,
32255,517,2815,50,Enrollment,3,2021-03-01 17:42,,,
83292,8505,5539,51,Enrollment,7,2020-04-11 8:09,,,
24012,5143,7501,52,Enrollment,7,2020-06-27 14:44,,,
17297,1129,3977,56,Enrollment,9,2021-01-02 4:06,,,
17231,4728,1127,59,Enrollment,10,2020-09-03 13:12,,,
31841,10372,3861,60,Enrollment,10,2020-05-31 9:21,,,
72913,9028,1125,61,Withdrawal,5,2020-05-31 7:45,,,
54242,7525,8008,62,Enrollment,2,2020-06-12 19:15,,,
18663,11091,7966,64,Enrollment,1,2020-09-01 9:28,,,
22722,4188,8623,65,Enrollment,7,2020-10-06 1:20,,,
77504,4719,2705,6592,Enrollment,7,2020-12-02 9:41,,,
49950,11478,9183,7059,Enrollment,10,2021-01-26 20:41,,,
96208,2552,1551,7459,Enrollment,10,2020-06-30 14:06,,,
21460,11734,5177,7584,Enrollment,4,2020-08-03 0:51,,,
74121,5835,1116,12,Enrollment,4,2021-01-20 16:30,,,
39012,6044,4401,14,Enrollment,8,2020-05-04 1:55,,,
89003,5415,2567,15,Enrollment,4,2021-03-02 12:21,,,
67172,3946,2364,17,Enrollment,6,2021-01-17 21:20,,,
54578,5789,3787,18,Enrollment,10,2021-03-17 20:24,,,
84342,6787,6915,28,Enrollment,7,2020-11-13 12:49,,,
28857,2570,8840,29,Enrollment,7,2020-12-04 21:12,,,
23763,8165,4704,32,Withdrawal,3,2020-05-03 8:31,,,
87275,2675,6854,33,Enrollment,2,2020-12-01 22:12,,,
99580,7030,3355,34,Enrollment,9,2020-05-13 5:46,,,
55023,12436,1221,35,Enrollment,4,2021-01-24 0:30,,,
83783,8596,2104,37,Withdrawal,10,2021-03-08 19:53,,,
29513,6025,2375,38,Enrollment,5,2020-07-31 16:47,,,
65210,1076,8312,39,Enrollment,1,2020-12-16 0:02,,,
69120,2261,9812,40,Enrollment,2,2020-09-28 10:50,,,
81345,7799,1773,41,Enrollment,5,2020-06-11 13:19,,,
70368,5430,2609,42,Enrollment,5,2020-06-06 4:35,,,
98160,7193,4240,43,Enrollment,1,2020-06-07 20:21,,,
98473,396,4884,45,Enrollment,6,2020-10-23 16:17,,,
24883,5901,7888,50,Enrollment,8,2021-02-18 0:19,,,
54769,149,5755,51,Enrollment,7,2020-05-24 2:23,,,
44468,1481,5629,52,Enrollment,7,2020-07-29 7:48,,,
83024,3931,5466,56,Enrollment,6,2020-06-08 6:24,,,
52977,4541,3791,59,Enrollment,2,2020-04-10 3:47,,,
68035,10073,5977,60,Enrollment,7,2020-03-26 17:58,,,
16801,4269,1125,61,Enrollment,9,2020-11-28 12:53,,,
11359,12788,9682,62,Enrollment,2,2020-05-12 13:35,,,
40568,1730,9264,64,Withdrawal,8,2020-11-19 12:19,,,
30323,8721,7005,65,Enrollment,8,2020-08-13 0:24,,,
11628,5800,3760,6592,Enrollment,2,2021-01-01 19:50,,,
27010,11295,8662,7059,Enrollment,8,2020-07-13 21:32,,,
22315,3444,4151,7459,Enrollment,8,2021-01-11 16:08,,,
93427,12484,4583,7584,Enrollment,10,2020-09-21 15:36,,,
25764,8868,7196,12,Enrollment,9,2020-11-24 22:44,,,
73365,1123,3648,14,Enrollment,10,2020-09-10 12:17,,,
71521,8004,3526,15,Enrollment,7,2020-07-06 2:53,,,
36739,9602,8293,17,Enrollment,4,2020-11-13 17:30,,,
95858,1740,1768,18,Enrollment,10,2020-03-19 0:49,,,
51998,2904,5045,28,Enrollment,1,2021-03-07 4:06,,,
26481,8913,1363,29,Enrollment,6,2021-02-21 14:05,,,
90950,4072,3538,32,Enrollment,7,2020-10-05 3:01,,,
74829,4362,4034,33,Enrollment,2,2020-11-25 22:40,,,
32251,858,8860,34,Withdrawal,6,2021-01-03 10:45,,,
37387,1386,6080,35,Enrollment,8,2020-04-16 3:39,,,
23425,301,9681,37,Enrollment,6,2020-03-27 9:05,,,
45532,7245,3473,38,Enrollment,8,2020-09-08 12:33,,,
54601,8341,6897,39,Withdrawal,7,2021-01-28 4:27,,,
92185,1760,3184,40,Enrollment,1,2020-05-27 4:15,,,
13834,10005,6159,41,Enrollment,10,2020-11-05 5:59,,,
71938,9569,9362,42,Enrollment,3,2020-06-08 0:31,,,
23691,2995,5044,43,Enrollment,10,2020-04-30 22:32,,,
25924,2006,3099,45,Enrollment,10,2020-11-03 23:23,,,
68060,8599,9938,50,Enrollment,10,2021-01-29 7:47,,,
77528,4620,8507,51,Enrollment,2,2020-10-17 4:32,,,
23199,2170,9723,52,Enrollment,5,2020-11-27 10:15,,,
72583,8941,2922,56,Enrollment,5,2020-08-17 10:16,,,
56192,5777,4139,59,Enrollment,9,2020-07-24 7:36,,,
28075,5478,5349,60,Enrollment,4,2020-07-06 7:18,,,
55934,5348,5083,61,Enrollment,4,2020-07-02 23:26,,,
97026,11974,2663,62,Enrollment,6,2021-01-09 4:44,,,
38172,10707,1913,64,Enrollment,4,2020-09-30 9:59,,,
79741,12654,7053,65,Enrollment,3,2020-10-10 19:40,,,
75151,7179,4465,6592,Withdrawal,4,2020-05-25 7:21,,,
53032,11795,7689,7059,Enrollment,3,2020-11-26 11:55,,,
25486,5137,5454,7459,Enrollment,8,2020-12-26 17:38,,,
43834,9796,9104,7584,Enrollment,3,2020-12-05 3:42,,,
98503,298,9418,12,Enrollment,10,2020-10-15 18:39,,,
99556,4791,6778,14,Enrollment,6,2020-12-10 5:02,,,
29764,10452,5620,15,Enrollment,5,2021-01-25 19:54,,,
82281,6097,7083,17,Enrollment,9,2020-08-24 2:55,,,
91392,4629,2160,18,Enrollment,1,2020-08-13 3:07,,,
70631,9494,8386,28,Enrollment,1,2020-06-24 16:32,,,
14054,5217,3762,29,Enrollment,8,2021-01-22 18:22,,,
39021,1145,3087,32,Enrollment,2,2020-10-13 1:00,,,
32049,295,9095,33,Enrollment,7,2021-02-12 14:43,,,
23258,7853,9255,34,Enrollment,6,2020-12-04 2:55,,,
84120,3092,4737,35,Enrollment,9,2020-04-19 11:42,,,
95833,1337,7706,37,Withdrawal,10,2020-04-29 9:27,,,
56224,1935,7904,38,Enrollment,3,2021-03-07 5:53,,,
37088,12067,1154,39,Enrollment,10,2020-10-28 21:12,,,
72961,3694,9927,40,Enrollment,5,2021-02-07 19:18,,,
42752,2446,5093,41,Withdrawal,5,2020-06-23 3:33,,,
29146,2244,2131,42,Enrollment,7,2020-07-19 19:48,,,
22761,997,8804,43,Enrollment,8,2021-02-26 20:56,,,
52391,11867,4559,45,Enrollment,8,2021-01-14 6:59,,,
67867,12840,6937,50,Enrollment,10,2020-07-26 12:43,,,
22865,1838,2820,51,Enrollment,7,2021-03-01 4:15,,,
71994,7466,7208,52,Enrollment,9,2020-10-12 7:36,,,
11426,2230,6332,56,Enrollment,4,2020-11-03 6:06,,,
39401,3161,5301,59,Enrollment,10,2020-06-19 13:30,,,
99302,5341,7390,60,Enrollment,8,2020-03-29 21:15,,,
91239,647,7040,61,Enrollment,2,2020-05-01 22:57,,,
88173,4178,1380,62,Enrollment,10,2020-05-18 0:35,,,
73109,3180,8005,64,Enrollment,6,2020-11-06 0:58,,,
21558,8305,6994,65,Enrollment,4,2020-10-15 2:40,,,
69956,8295,2340,6592,Enrollment,3,2020-10-24 7:35,,,
95034,6855,4360,7059,Enrollment,6,2020-09-21 23:39,,,
59195,9801,7123,7459,Withdrawal,4,2020-10-17 0:07,,,
75405,9314,8788,7584,Enrollment,7,2020-07-30 15:15,,,
53709,4533,9653,12,Enrollment,9,2020-06-02 3:43,,,
77230,412,1753,14,Enrollment,10,2020-08-04 4:04,,,
19698,6054,6561,15,Enrollment,10,2021-03-13 11:41,,,
38448,9788,5976,17,Enrollment,5,2020-09-20 16:25,,,
17558,8833,6841,18,Enrollment,1,2020-07-14 3:06,,,
89600,7517,3686,28,Enrollment,4,2021-01-21 22:54,,,
49540,3879,8692,29,Enrollment,1,2020-05-24 13:04,,,
62197,7476,5109,32,Enrollment,4,2021-02-05 21:05,,,
72403,1693,7235,33,Enrollment,10,2020-06-29 15:10,,,
24994,6147,7539,34,Enrollment,2,2020-11-16 13:55,,,
90545,1196,6406,35,Enrollment,2,2020-04-30 17:19,,,
27703,2401,7695,37,Enrollment,8,2020-11-25 6:15,,,
41433,3379,7080,38,Enrollment,5,2020-09-28 12:01,,,
71781,7964,3707,39,Withdrawal,7,2021-03-08 0:52,,,
80269,12833,4623,40,Enrollment,6,2020-05-21 21:56,,,
15500,5822,3767,41,Enrollment,8,2020-06-19 17:53,,,
22060,3015,8076,42,Enrollment,10,2020-12-15 6:58,,,
22290,12442,9497,43,Withdrawal,9,2021-02-28 10:03,,,
13187,12260,8942,45,Enrollment,2,2021-01-31 20:23,,,
67083,11280,8675,50,Enrollment,4,2020-07-05 7:22,,,
90760,1399,8839,51,Enrollment,6,2020-04-30 8:41,,,
59409,1413,9343,52,Enrollment,7,2020-04-18 13:23,,,
86659,4980,6267,56,Enrollment,8,2021-02-17 7:03,,,
80204,5332,9683,59,Enrollment,2,2020-09-10 3:54,,,
16100,4915,4617,60,Enrollment,3,2020-09-17 7:23,,,
99112,10285,6028,61,Enrollment,7,2020-10-18 19:07,,,
30855,738,6276,62,Enrollment,1,2021-02-15 1:14,,,
36505,11093,6024,64,Enrollment,6,2020-12-13 2:05,,,
48193,12381,8006,65,Enrollment,4,2021-03-07 17:04,,,
81057,4570,8073,6592,Enrollment,3,2020-08-09 13:07,,,
11933,4772,3904,7059,Enrollment,10,2020-08-11 15:57,,,
20661,2731,3927,7459,Enrollment,10,2020-11-12 11:48,,,
37128,6057,1292,7584,Enrollment,10,2020-05-26 10:30,,,
20271,5431,8939,12,Withdrawal,6,2021-03-10 8:38,,,
14303,12403,5475,14,Enrollment,8,2021-03-09 22:29,,,
49394,4265,6455,15,Enrollment,1,2020-04-24 7:55,,,
60574,8888,3303,17,Enrollment,7,2020-11-17 21:36,,,
47692,5647,9737,18,Enrollment,3,2020-05-22 20:26,,,
75665,11333,4012,28,Enrollment,9,2020-06-09 12:58,,,
21400,1206,2242,29,Enrollment,4,2020-10-16 7:49,,,
91538,11553,6981,32,Enrollment,7,2020-10-10 20:07,,,
40556,5245,3642,33,Enrollment,3,2020-07-24 13:01,,,
99098,2379,9579,34,Enrollment,4,2020-07-27 19:11,,,
84358,5104,7819,35,Enrollment,5,2020-09-23 18:35,,,
42847,6380,8532,37,Enrollment,5,2020-12-27 21:20,,,
32266,9738,1457,38,Enrollment,4,2021-02-23 11:58,,,
88906,4325,9879,39,Enrollment,3,2021-01-22 12:59,,,
71627,9139,7202,40,Enrollment,9,2020-10-23 16:01,,,
37771,446,7248,41,Withdrawal,9,2020-06-30 10:49,,,
53587,12025,8376,42,Enrollment,1,2020-07-09 3:36,,,
45131,5227,7568,43,Enrollment,8,2020-06-26 2:26,,,
24129,7129,3986,45,Enrollment,2,2020-09-22 11:03,,,
13783,5296,3999,50,Withdrawal,1,2020-07-27 3:33,,,
18802,5268,8532,51,Enrollment,9,2020-10-15 4:34,,,
24454,9288,5859,52,Enrollment,5,2020-07-20 8:41,,,
96007,1149,6634,56,Enrollment,2,2020-10-06 3:10,,,
86033,2656,5794,59,Enrollment,4,2020-04-04 11:17,,,
37526,702,6598,60,Enrollment,2,2020-12-14 23:17,,,
17630,11202,2981,61,Enrollment,8,2020-11-28 11:04,,,
15338,4447,7520,62,Enrollment,3,2020-12-30 22:03,,,
14047,7120,7732,64,Enrollment,2,2021-01-06 21:40,,,
22022,4960,1804,65,Enrollment,7,2020-05-16 14:33,,,
87380,12573,3651,6592,Enrollment,5,2020-06-27 0:44,,,
65153,2054,7950,7059,Enrollment,3,2020-07-20 21:26,,,
42029,11177,3983,7459,Enrollment,10,2021-01-09 12:25,,,
75399,4811,1351,7584,Enrollment,9,2020-05-15 6:01,,,
36127,6259,9993,12,Enrollment,9,2020-07-20 11:42,,,
85750,11710,5349,14,Enrollment,1,2020-06-28 18:33,,,
70218,9639,3038,15,Withdrawal,4,2021-01-06 6:39,,,
29484,3134,3971,17,Enrollment,5,2020-10-07 15:37,,,
55079,8445,4722,18,Enrollment,4,2020-11-17 6:49,,,
41340,12485,6127,28,Enrollment,4,2020-09-18 9:48,,,
17177,2906,4961,29,Enrollment,3,2020-06-27 6:17,,,
59542,205,3701,32,Enrollment,9,2020-12-10 2:37,,,
83855,652,9654,33,Enrollment,1,2020-03-21 22:26,,,
78930,7387,6751,34,Enrollment,3,2020-08-07 5:31,,,
77441,601,6567,35,Enrollment,8,2020-08-17 13:26,,,
81372,3738,4444,37,Enrollment,2,2020-10-24 5:26,,,
52577,1956,9088,38,Enrollment,8,2020-05-11 13:20,,,
83162,1765,2289,39,Enrollment,1,2020-05-22 5:27,,,
52588,7822,6389,40,Enrollment,10,2020-08-13 7:58,,,
23141,2405,3871,41,Enrollment,9,2020-08-06 3:23,,,
44709,1047,2441,42,Enrollment,7,2020-05-11 1:23,,,
99780,5046,4833,43,Withdrawal,5,2020-09-20 19:13,,,
59083,9313,8419,45,Enrollment,10,2020-09-14 15:46,,,
48099,8234,7515,50,Enrollment,2,2020-05-28 11:21,,,
99957,2410,8636,51,Enrollment,9,2020-09-26 12:30,,,
29125,9883,6499,52,Withdrawal,5,2021-03-18 21:37,,,
14221,8223,4497,56,Enrollment,2,2020-10-01 3:36,,,
75943,4905,1635,59,Enrollment,10,2020-10-07 21:14,,,
36318,10379,9523,60,Enrollment,1,2020-12-31 1:36,,,
96464,3487,4840,61,Enrollment,2,2020-08-07 20:23,,,
25732,11442,7332,62,Enrollment,7,2021-02-10 10:44,,,
40230,2430,9176,64,Enrollment,7,2020-09-24 2:58,,,
57088,12083,9708,65,Enrollment,9,2020-04-17 6:06,,,
98439,273,3416,6592,Enrollment,10,2020-11-06 13:31,,,
75005,10549,9825,7059,Enrollment,6,2020-03-29 7:36,,,
72164,950,4171,7459,Enrollment,6,2020-06-29 3:09,,,
81628,4009,9998,7584,Enrollment,9,2020-11-13 0:57,,,
32609,5232,2377,12,Enrollment,1,2020-07-15 2:57,,,
41825,10671,3563,14,Enrollment,2,2021-02-26 10:18,,,
78477,4387,5695,15,Enrollment,9,2021-01-19 6:02,,,
74035,585,8457,17,Enrollment,5,2020-12-25 12:05,,,
90063,2130,7428,18,Withdrawal,3,2020-05-05 5:20,,,
92371,6379,5299,28,Enrollment,1,2020-07-15 8:19,,,
26494,10258,4748,29,Enrollment,2,2020-05-18 4:52,,,
25429,1247,6410,32,Enrollment,4,2020-06-03 16:14,,,
50625,6162,4468,33,Enrollment,2,2020-11-26 23:05,,,
36609,10450,8160,34,Enrollment,10,2020-09-25 17:11,,,
95049,4307,5492,35,Enrollment,6,2020-07-28 21:03,,,
94051,1394,9292,37,Enrollment,4,2020-05-06 8:44,,,
56544,9248,9122,38,Enrollment,9,2020-10-02 13:03,,,
27460,5583,5337,39,Enrollment,10,2020-09-05 23:34,,,
69636,11394,4751,40,Enrollment,6,2020-04-28 2:25,,,
41683,8193,7536,41,Enrollment,10,2020-06-09 17:20,,,
56717,7444,4922,42,Enrollment,2,2020-05-12 21:50,,,
33345,10229,3026,43,Enrollment,3,2020-07-18 23:33,,,
19267,3550,5896,45,Enrollment,8,2020-08-18 19:53,,,
33287,12003,5349,50,Withdrawal,1,2021-02-14 22:37,,,
93852,8012,9380,51,Enrollment,2,2020-10-12 9:51,,,
44452,2867,5036,52,Enrollment,8,2020-10-11 21:44,,,
80231,10688,4064,56,Enrollment,1,2020-11-11 10:22,,,
88888,11034,4364,59,Withdrawal,8,2020-03-20 15:37,,,
53127,5323,3548,60,Enrollment,4,2020-09-29 14:01,,,
42712,12835,5969,61,Enrollment,1,2020-09-12 5:01,,,
83010,11689,7550,62,Enrollment,6,2021-01-30 2:37,,,
67249,1212,6642,64,Enrollment,6,2020-09-23 9:23,,,
54153,6558,2558,65,Enrollment,4,2020-08-29 2:55,,,
97193,3677,2909,6592,Enrollment,5,2020-05-25 19:21,,,
89502,6280,9680,7059,Enrollment,1,2020-09-10 21:22,,,
36970,11296,5553,7459,Enrollment,7,2020-12-12 12:21,,,
69812,12983,9538,7584,Enrollment,7,2020-11-28 2:22,,,
40274,5183,8452,12,Enrollment,2,2021-01-20 9:23,,,
66942,11378,9359,14,Enrollment,3,2020-04-11 23:19,,,
39247,5975,1598,15,Enrollment,8,2020-08-05 11:53,,,
72071,4031,7721,17,Enrollment,7,2020-08-23 19:41,,,
76133,8704,4344,18,Enrollment,3,2020-07-09 1:33,,,
33725,11875,9018,28,Enrollment,8,2020-10-13 20:10,,,
59881,9594,8219,29,Withdrawal,6,2020-07-30 15:47,,,
67469,1979,1239,32,Enrollment,3,2021-03-18 0:40,,,
87219,11908,4656,33,Enrollment,2,2020-03-19 13:59,,,
14030,3886,6295,34,Enrollment,3,2020-12-23 2:08,,,
36681,4899,3171,35,Enrollment,4,2020-07-22 18:45,,,
54476,6895,2540,37,Enrollment,3,2020-12-08 10:16,,,
42588,11554,7872,38,Enrollment,4,2020-05-07 12:11,,,
96655,12924,3062,39,Enrollment,3,2020-11-28 9:32,,,
51838,8822,6706,40,Enrollment,8,2020-11-17 4:17,,,
51434,2417,9036,41,Enrollment,6,2020-06-26 6:40,,,
16335,5787,9046,42,Enrollment,5,2020-11-05 15:48,,,
32621,6399,9966,43,Enrollment,8,2020-03-26 21:10,,,
48559,3873,7014,45,Enrollment,3,2020-06-06 4:56,,,
81189,10323,9173,50,Enrollment,3,2020-07-07 21:50,,,
23446,3332,5774,51,Enrollment,9,2020-10-28 11:13,,,
44969,8068,7993,52,Withdrawal,10,2020-07-18 16:12,,,
93645,153,2862,56,Enrollment,1,2020-05-17 23:44,,,
82515,5253,9662,59,Enrollment,8,2020-04-11 23:22,,,
31736,11591,1787,60,Enrollment,3,2020-09-18 3:45,,,
43645,10908,5450,61,Withdrawal,10,2020-12-29 2:50,,,
59049,11322,1849,62,Enrollment,4,2020-09-10 12:10,,,
11983,11619,7289,64,Enrollment,10,2020-10-05 20:37,,,
12067,10735,7102,65,Enrollment,2,2020-05-05 0:16,,,
52229,9521,2251,6592,Enrollment,8,2020-08-07 2:20,,,
67180,10859,5499,7059,Enrollment,6,2020-12-11 14:39,,,
82347,10588,1195,7459,Enrollment,6,2020-09-28 2:15,,,
58434,4838,3811,7584,Enrollment,10,2020-12-13 17:13,,,
54517,1425,7055,12,Enrollment,7,2020-12-30 22:37,,,
76645,7490,6237,14,Enrollment,2,2021-03-12 8:22,,,
92073,8201,8870,15,Enrollment,3,2020-04-27 13:26,,,
52567,6077,5034,17,Enrollment,6,2020-04-06 19:07,,,
18461,779,2370,18,Enrollment,6,2020-05-08 9:56,,,
91851,536,4304,28,Enrollment,9,2021-01-03 20:06,,,
30380,204,2084,29,Enrollment,6,2020-06-22 11:51,,,
55183,10675,4007,32,Enrollment,5,2021-01-12 22:41,,,
93163,10213,5838,33,Withdrawal,3,2021-02-19 22:20,,,
69742,5163,5291,34,Enrollment,1,2020-04-24 17:23,,,
45431,11028,4860,35,Enrollment,9,2020-03-22 21:26,,,
17880,11235,6796,37,Enrollment,7,2020-11-30 2:56,,,
26431,7257,5136,38,Enrollment,2,2020-10-31 1:37,,,
99581,12957,1355,39,Enrollment,7,2021-01-21 13:22,,,
61532,2723,7779,40,Enrollment,5,2020-05-13 16:11,,,
29570,1104,8785,41,Enrollment,3,2021-02-18 2:20,,,
73628,11080,1422,42,Enrollment,2,2021-02-09 23:01,,,
91128,2855,2408,43,Enrollment,10,2020-12-07 3:27,,,
57906,7670,6325,45,Enrollment,10,2020-05-24 7:55,,,
87371,5015,8552,50,Enrollment,2,2020-11-21 0:55,,,
75626,5044,6464,51,Enrollment,3,2020-06-03 9:45,,,
33623,10309,8138,52,Enrollment,7,2020-06-09 3:24,,,
93978,4544,5900,56,Enrollment,2,2020-06-12 0:45,,,
34824,12441,2654,59,Withdrawal,5,2020-04-06 18:14,,,
81743,9475,8342,60,Enrollment,3,2020-06-01 4:49,,,
93515,11752,4452,61,Enrollment,6,2020-07-02 16:04,,,
15242,5288,2367,62,Enrollment,9,2020-04-28 17:50,,,
17528,3705,2149,64,Withdrawal,9,2020-08-29 9:41,,,
66694,6086,5816,65,Enrollment,8,2020-08-16 1:56,,,
53525,1406,7994,6592,Enrollment,1,2020-09-10 16:35,,,
88118,3102,4796,7059,Enrollment,6,2020-10-29 4:08,,,
37632,4337,6972,7459,Enrollment,10,2020-08-11 21:23,,,
89126,10003,4399,7584,Enrollment,7,2020-06-11 13:55,,,
80644,11213,5653,12,Enrollment,4,2020-06-06 2:05,,,
69672,1419,7723,14,Enrollment,5,2020-10-02 5:51,,,
82392,2328,3224,15,Enrollment,8,2020-10-22 2:51,,,
76296,1470,7613,17,Enrollment,1,2020-04-24 2:56,,,
64138,6517,7438,18,Enrollment,10,2020-12-17 17:51,,,
60184,10170,2038,28,Enrollment,2,2021-01-25 5:10,,,
59040,2327,2664,29,Enrollment,5,2020-07-15 22:06,,,
32791,6058,4748,32,Enrollment,6,2021-03-14 3:43,,,
39786,3577,5520,33,Enrollment,5,2021-02-09 12:10,,,
16709,9332,7907,34,Enrollment,3,2021-03-05 11:23,,,
79631,363,7519,35,Withdrawal,2,2021-03-03 3:30,,,
34906,11345,6715,37,Enrollment,4,2020-10-14 22:22,,,
89193,4890,7792,38,Enrollment,7,2020-11-13 4:44,,,
30353,8566,7713,39,Enrollment,2,2020-05-08 21:59,,,
36011,3970,5994,40,Enrollment,1,2020-04-29 20:43,,,
48210,3478,2042,41,Enrollment,4,2020-05-30 3:49,,,
99342,2339,6970,42,Enrollment,3,2020-09-03 7:51,,,
63263,6244,5530,43,Enrollment,2,2020-08-31 17:29,,,
84526,4776,1178,45,Enrollment,4,2021-02-26 20:02,,,
47041,9829,3602,50,Enrollment,7,2020-07-24 1:48,,,
30766,9808,5929,51,Enrollment,1,2021-01-13 0:15,,,
32836,5494,7291,52,Enrollment,2,2021-02-24 10:35,,,
75614,4818,5679,56,Enrollment,8,2021-02-07 0:29,,,
82013,4336,9278,59,Enrollment,5,2021-01-20 13:19,,,
80707,9548,6126,60,Enrollment,7,2020-09-19 23:48,,,
49967,5805,7096,61,Withdrawal,8,2020-10-31 12:02,,,
65512,3374,6308,62,Enrollment,1,2020-07-18 0:32,,,
82439,12418,6203,64,Enrollment,9,2021-03-14 4:55,,,
79017,9787,4666,65,Enrollment,5,2020-11-21 11:40,,,
81130,10069,8915,6592,Withdrawal,6,2020-07-27 17:00,,,
78586,3244,6169,7059,Enrollment,5,2020-05-21 4:56,,,
99457,9962,2376,7459,Enrollment,2,2020-09-04 14:54,,,
60205,736,3500,7584,Enrollment,8,2020-12-24 2:15,,,
16319,220,2498,12,Enrollment,6,2021-02-07 14:54,,,
95846,3415,3898,14,Enrollment,7,2021-02-14 13:47,,,
70665,8161,4116,15,Enrollment,3,2020-06-06 7:35,,,
25994,6322,9686,17,Enrollment,4,2020-11-06 1:38,,,
81973,1315,4052,18,Enrollment,10,2020-12-25 9:55,,,
98024,2516,3317,28,Enrollment,6,2020-05-16 19:35,,,
95508,7928,4008,29,Enrollment,1,2020-07-27 8:59,,,
20670,4778,3154,32,Enrollment,8,2020-04-14 15:19,,,
77523,10476,4582,33,Enrollment,3,2021-01-07 15:31,,,
13933,6445,8041,34,Enrollment,5,2020-10-24 17:26,,,